District,Crop,Yield,Season
Balaka,Maize,43565.0,2023-2024
Blantyre,Maize,34369.0,2023-2024
Chikwawa,Maize,55804.0,2023-2024
Chiradzulu,Maize,35078.0,2023-2024
Chitipa,Maize,102319.0,2023-2024
Dedza,Maize,227724.0,2023-2024
Dowa,Maize,259890.0,2023-2024
Karonga,Maize,67998.0,2023-2024
Kasungu,Maize,318203.0,2023-2024
Likoma,Maize,255.1,2023-2024
Lilongwe,Maize,444440.0,2023-2024
Machinga,Maize,62438.0,2023-2024
Mangochi,Maize,104262.6,2023-2024
Mchinji,Maize,244792.0,2023-2024
Mulanje,Maize,36175.0,2023-2024
Mzimba,Maize,248415.253,2023-2024
Neno,Maize,20054.0,2023-2024
Nkhata,Maize,39833.0,2023-2024
Nkhotakota,Maize,77164.0,2023-2024
Nsanje,Maize,40221.0,2023-2024
Ntcheu,Maize,81248.0,2023-2024
Ntchisi,Maize,185021.0,2023-2024
Phalombe,Maize,52316.0,2023-2024
Rumphi,Maize,77748.0,2023-2024
Salima,Maize,53711.0,2023-2024
Thyolo,Maize,60254.0,2023-2024
Zomba,Maize,119523.0,2023-2024
mwanza,Maize,18772.0,2023-2024
Balaka,Beans,44.0,2023-2024
Blantyre,Beans,1905.0,2023-2024
Chikwawa,Beans,12132.0,2023-2024
Chiradzulu,Beans,2418.0,2023-2024
Chitipa,Beans,21408.0,2023-2024
Dedza,Beans,27073.0,2023-2024
Dowa,Beans,9592.0,2023-2024
Karonga,Beans,645.0,2023-2024
Kasungu,Beans,11701.0,2023-2024
Likoma,Beans,0.0,2023-2024
Lilongwe,Beans,16991.0,2023-2024
Machinga,Beans,118.0,2023-2024
Mangochi,Beans,4944.0,2023-2024
Mchinji,Beans,12229.0,2023-2024
Mulanje,Beans,2460.0,2023-2024
Mzimba,Beans,26910.054,2023-2024
Neno,Beans,2039.0,2023-2024
Nkhata,Beans,2968.55,2023-2024
Nkhotakota,Beans,1579.0,2023-2024
Nsanje,Beans,4545.0,2023-2024
Ntcheu,Beans,10862.0,2023-2024
Ntchisi,Beans,11248.0,2023-2024
Phalombe,Beans,6007.0,2023-2024
Rumphi,Beans,6773.0,2023-2024
Salima,Beans,1349.0,2023-2024
Thyolo,Beans,10313.0,2023-2024
Zomba,Beans,3126.0,2023-2024
mwanza,Beans,3156.0,2023-2024
Balaka,Cow peas,9815.0,2023-2024
Blantyre,Cow peas,544.0,2023-2024
Chikwawa,Cow peas,7259.0,2023-2024
Chiradzulu,Cow peas,157.0,2023-2024
Chitipa,Cow peas,1527.0,2023-2024
Dedza,Cow peas,4681.0,2023-2024
Dowa,Cow peas,405.0,2023-2024
Karonga,Cow peas,100.0,2023-2024
Kasungu,Cow peas,120.0,2023-2024
Likoma,Cow peas,6.2,2023-2024
Lilongwe,Cow peas,915.0,2023-2024
Machinga,Cow peas,1853.0,2023-2024
Mangochi,Cow peas,1567.0,2023-2024
Mchinji,Cow peas,990.0,2023-2024
Mulanje,Cow peas,4154.0,2023-2024
Mzimba,Cow peas,317.879,2023-2024
Neno,Cow peas,1116.0,2023-2024
Nkhata,Cow peas,46.4,2023-2024
Nkhotakota,Cow peas,177.0,2023-2024
Nsanje,Cow peas,2953.0,2023-2024
Ntcheu,Cow peas,3079.0,2023-2024
Ntchisi,Cow peas,79.312,2023-2024
Phalombe,Cow peas,2267.0,2023-2024
Rumphi,Cow peas,43.0,2023-2024
Salima,Cow peas,3112.0,2023-2024
Thyolo,Cow peas,1688.0,2023-2024
Zomba,Cow peas,3298.0,2023-2024
mwanza,Cow peas,323.0,2023-2024
Balaka,Dolichus beans ,234.0,2023-2024
Blantyre,Dolichus beans ,127.0,2023-2024
Chikwawa,Dolichus beans ,81.0,2023-2024
Chiradzulu,Dolichus beans ,289.0,2023-2024
Chitipa,Dolichus beans ,0.0,2023-2024
Dedza,Dolichus beans ,0.0,2023-2024
Dowa,Dolichus beans ,0.0,2023-2024
Karonga,Dolichus beans ,315.0,2023-2024
Kasungu,Dolichus beans ,0.0,2023-2024
Likoma,Dolichus beans ,0.0,2023-2024
Lilongwe,Dolichus beans ,0.0,2023-2024
Machinga,Dolichus beans ,136.0,2023-2024
Mangochi,Dolichus beans ,98.0,2023-2024
Mchinji,Dolichus beans ,0.0,2023-2024
Mulanje,Dolichus beans ,517.0,2023-2024
Mzimba,Dolichus beans ,0.0,2023-2024
Neno,Dolichus beans ,963.0,2023-2024
Nkhata,Dolichus beans ,0.0,2023-2024
Nkhotakota,Dolichus beans ,0.0,2023-2024
Nsanje,Dolichus beans ,13.0,2023-2024
Ntcheu,Dolichus beans ,0.0,2023-2024
Ntchisi,Dolichus beans ,0.0,2023-2024
Phalombe,Dolichus beans ,622.0,2023-2024
Rumphi,Dolichus beans ,0.0,2023-2024
Salima,Dolichus beans ,0.0,2023-2024
Thyolo,Dolichus beans ,225.0,2023-2024
Zomba,Dolichus beans ,31.0,2023-2024
mwanza,Dolichus beans ,50.0,2023-2024
Balaka,Soy beans,202.0,2023-2024
Blantyre,Soy beans,867.0,2023-2024
Chikwawa,Soy beans,0.0,2023-2024
Chiradzulu,Soy beans,698.0,2023-2024
Chitipa,Soy beans,7928.0,2023-2024
Dedza,Soy beans,19720.0,2023-2024
Dowa,Soy beans,18445.0,2023-2024
Karonga,Soy beans,36.0,2023-2024
Kasungu,Soy beans,21266.0,2023-2024
Likoma,Soy beans,0.0,2023-2024
Lilongwe,Soy beans,29087.0,2023-2024
Machinga,Soy beans,184.0,2023-2024
Mangochi,Soy beans,2539.0,2023-2024
Mchinji,Soy beans,22887.0,2023-2024
Mulanje,Soy beans,681.0,2023-2024
Mzimba,Soy beans,19978.597999999998,2023-2024
Neno,Soy beans,183.0,2023-2024
Nkhata,Soy beans,136.97,2023-2024
Nkhotakota,Soy beans,850.0,2023-2024
Nsanje,Soy beans,0.0,2023-2024
Ntcheu,Soy beans,2184.0,2023-2024
Ntchisi,Soy beans,22501.957,2023-2024
Phalombe,Soy beans,2268.0,2023-2024
Rumphi,Soy beans,1401.0,2023-2024
Salima,Soy beans,3357.0,2023-2024
Thyolo,Soy beans,681.0,2023-2024
Zomba,Soy beans,931.0,2023-2024
mwanza,Soy beans,63.0,2023-2024
Balaka,Ground beans,38.0,2023-2024
Blantyre,Ground beans,86.0,2023-2024
Chikwawa,Ground beans,11.0,2023-2024
Chiradzulu,Ground beans,155.0,2023-2024
Chitipa,Ground beans,744.0,2023-2024
Dedza,Ground beans,282.0,2023-2024
Dowa,Ground beans,355.0,2023-2024
Karonga,Ground beans,50.0,2023-2024
Kasungu,Ground beans,18.0,2023-2024
Likoma,Ground beans,3.8,2023-2024
Lilongwe,Ground beans,1428.0,2023-2024
Machinga,Ground beans,261.0,2023-2024
Mangochi,Ground beans,555.0,2023-2024
Mchinji,Ground beans,1258.0,2023-2024
Mulanje,Ground beans,373.0,2023-2024
Mzimba,Ground beans,222.852,2023-2024
Neno,Ground beans,5.0,2023-2024
Nkhata,Ground beans,362.8,2023-2024
Nkhotakota,Ground beans,16.7,2023-2024
Nsanje,Ground beans,16.0,2023-2024
Ntcheu,Ground beans,172.0,2023-2024
Ntchisi,Ground beans,224.2,2023-2024
Phalombe,Ground beans,128.0,2023-2024
Rumphi,Ground beans,78.0,2023-2024
Salima,Ground beans,37.0,2023-2024
Thyolo,Ground beans,162.0,2023-2024
Zomba,Ground beans,36.0,2023-2024
mwanza,Ground beans,63.0,2023-2024
Balaka,Paprika,0.0,2023-2024
Blantyre,Paprika,0.0,2023-2024
Chikwawa,Paprika,0.0,2023-2024
Chiradzulu,Paprika,0.0,2023-2024
Chitipa,Paprika,0.0,2023-2024
Dedza,Paprika,635.0,2023-2024
Dowa,Paprika,87.0,2023-2024
Karonga,Paprika,0.0,2023-2024
Kasungu,Paprika,0.0,2023-2024
Likoma,Paprika,0.0,2023-2024
Lilongwe,Paprika,43.0,2023-2024
Machinga,Paprika,0.0,2023-2024
Mangochi,Paprika,0.0,2023-2024
Mchinji,Paprika,0.0,2023-2024
Mulanje,Paprika,0.0,2023-2024
Mzimba,Paprika,204.25,2023-2024
Neno,Paprika,0.0,2023-2024
Nkhata,Paprika,0.0,2023-2024
Nkhotakota,Paprika,60.0,2023-2024
Nsanje,Paprika,0.0,2023-2024
Ntcheu,Paprika,0.0,2023-2024
Ntchisi,Paprika,0.0,2023-2024
Phalombe,Paprika,0.0,2023-2024
Rumphi,Paprika,18.61,2023-2024
Salima,Paprika,0.0,2023-2024
Thyolo,Paprika,0.0,2023-2024
Zomba,Paprika,0.0,2023-2024
mwanza,Paprika,0.0,2023-2024
Balaka,Rice,313.0,2023-2024
Blantyre,Rice,312.0,2023-2024
Chikwawa,Rice,5931.0,2023-2024
Chiradzulu,Rice,21.0,2023-2024
Chitipa,Rice,698.0,2023-2024
Dedza,Rice,8516.0,2023-2024
Dowa,Rice,2413.0,2023-2024
Karonga,Rice,46385.0,2023-2024
Kasungu,Rice,428.0,2023-2024
Likoma,Rice,4.9,2023-2024
Lilongwe,Rice,441.0,2023-2024
Machinga,Rice,6868.3,2023-2024
Mangochi,Rice,1458.0,2023-2024
Mchinji,Rice,2386.0,2023-2024
Mulanje,Rice,3285.0,2023-2024
Mzimba,Rice,38.562,2023-2024
Neno,Rice,15.0,2023-2024
Nkhata,Rice,12729.0,2023-2024
Nkhotakota,Rice,23780.0,2023-2024
Nsanje,Rice,1776.0,2023-2024
Ntcheu,Rice,363.0,2023-2024
Ntchisi,Rice,0.0,2023-2024
Phalombe,Rice,3710.0,2023-2024
Rumphi,Rice,77.0,2023-2024
Salima,Rice,9322.0,2023-2024
Thyolo,Rice,19.0,2023-2024
Zomba,Rice,7021.0,2023-2024
mwanza,Rice,4.0,2023-2024
Balaka,Pigeon peas,11507.0,2023-2024
Blantyre,Pigeon peas,38518.0,2023-2024
Chikwawa,Pigeon peas,19000.0,2023-2024
Chiradzulu,Pigeon peas,31159.0,2023-2024
Chitipa,Pigeon peas,65.0,2023-2024
Dedza,Pigeon peas,142.0,2023-2024
Dowa,Pigeon peas,0.0,2023-2024
Karonga,Pigeon peas,3301.0,2023-2024
Kasungu,Pigeon peas,57.0,2023-2024
Likoma,Pigeon peas,0.0,2023-2024
Lilongwe,Pigeon peas,22.0,2023-2024
Machinga,Pigeon peas,22180.0,2023-2024
Mangochi,Pigeon peas,14223.0,2023-2024
Mchinji,Pigeon peas,65.0,2023-2024
Mulanje,Pigeon peas,81569.0,2023-2024
Mzimba,Pigeon peas,42.0,2023-2024
Neno,Pigeon peas,20961.0,2023-2024
Nkhata,Pigeon peas,135.8,2023-2024
Nkhotakota,Pigeon peas,61.0,2023-2024
Nsanje,Pigeon peas,5077.0,2023-2024
Ntcheu,Pigeon peas,3309.0,2023-2024
Ntchisi,Pigeon peas,0.0,2023-2024
Phalombe,Pigeon peas,46282.0,2023-2024
Rumphi,Pigeon peas,28.0,2023-2024
Salima,Pigeon peas,65.0,2023-2024
Thyolo,Pigeon peas,55279.0,2023-2024
Zomba,Pigeon peas,33215.0,2023-2024
mwanza,Pigeon peas,60617.0,2023-2024
Balaka,Grams,7.0,2023-2024
Blantyre,Grams,0.0,2023-2024
Chikwawa,Grams,24.0,2023-2024
Chiradzulu,Grams,0.0,2023-2024
Chitipa,Grams,0.0,2023-2024
Dedza,Grams,0.0,2023-2024
Dowa,Grams,0.0,2023-2024
Karonga,Grams,0.0,2023-2024
Kasungu,Grams,0.0,2023-2024
Likoma,Grams,0.0,2023-2024
Lilongwe,Grams,0.0,2023-2024
Machinga,Grams,29.0,2023-2024
Mangochi,Grams,3.0,2023-2024
Mchinji,Grams,0.0,2023-2024
Mulanje,Grams,348.0,2023-2024
Mzimba,Grams,0.0,2023-2024
Neno,Grams,0.0,2023-2024
Nkhata,Grams,0.0,2023-2024
Nkhotakota,Grams,0.0,2023-2024
Nsanje,Grams,55.0,2023-2024
Ntcheu,Grams,0.0,2023-2024
Ntchisi,Grams,0.0,2023-2024
Phalombe,Grams,242.0,2023-2024
Rumphi,Grams,0.0,2023-2024
Salima,Grams,0.0,2023-2024
Thyolo,Grams,0.0,2023-2024
Zomba,Grams,10.0,2023-2024
mwanza,Grams,0.0,2023-2024
Balaka,Sesame ,0.0,2023-2024
Blantyre,Sesame ,4.0,2023-2024
Chikwawa,Sesame ,8028.0,2023-2024
Chiradzulu,Sesame ,0.0,2023-2024
Chitipa,Sesame ,50.0,2023-2024
Dedza,Sesame ,0.0,2023-2024
Dowa,Sesame ,0.0,2023-2024
Karonga,Sesame ,1247.0,2023-2024
Kasungu,Sesame ,0.0,2023-2024
Likoma,Sesame ,0.0,2023-2024
Lilongwe,Sesame ,0.0,2023-2024
Machinga,Sesame ,0.0,2023-2024
Mangochi,Sesame ,0.0,2023-2024
Mchinji,Sesame ,0.0,2023-2024
Mulanje,Sesame ,7.0,2023-2024
Mzimba,Sesame ,0.0,2023-2024
Neno,Sesame ,79.0,2023-2024
Nkhata,Sesame ,0.0,2023-2024
Nkhotakota,Sesame ,3.0,2023-2024
Nsanje,Sesame ,5347.0,2023-2024
Ntcheu,Sesame ,0.0,2023-2024
Ntchisi,Sesame ,0.0,2023-2024
Phalombe,Sesame ,75.0,2023-2024
Rumphi,Sesame ,0.0,2023-2024
Salima,Sesame ,13.0,2023-2024
Thyolo,Sesame ,61.0,2023-2024
Zomba,Sesame ,0.0,2023-2024
mwanza,Sesame ,0.0,2023-2024
Balaka,Field peas,0.0,2023-2024
Blantyre,Field peas,140.0,2023-2024
Chikwawa,Field peas,0.0,2023-2024
Chiradzulu,Field peas,1219.0,2023-2024
Chitipa,Field peas,0.0,2023-2024
Dedza,Field peas,1606.0,2023-2024
Dowa,Field peas,0.0,2023-2024
Karonga,Field peas,0.0,2023-2024
Kasungu,Field peas,0.0,2023-2024
Likoma,Field peas,0.0,2023-2024
Lilongwe,Field peas,27.0,2023-2024
Machinga,Field peas,0.0,2023-2024
Mangochi,Field peas,0.0,2023-2024
Mchinji,Field peas,0.0,2023-2024
Mulanje,Field peas,365.0,2023-2024
Mzimba,Field peas,0.0,2023-2024
Neno,Field peas,0.0,2023-2024
Nkhata,Field peas,0.0,2023-2024
Nkhotakota,Field peas,0.0,2023-2024
Nsanje,Field peas,0.0,2023-2024
Ntcheu,Field peas,431.0,2023-2024
Ntchisi,Field peas,0.0,2023-2024
Phalombe,Field peas,0.0,2023-2024
Rumphi,Field peas,0.0,2023-2024
Salima,Field peas,0.0,2023-2024
Thyolo,Field peas,1022.0,2023-2024
Zomba,Field peas,0.0,2023-2024
mwanza,Field peas,0.0,2023-2024
Balaka,Velvet beans,147.0,2023-2024
Blantyre,Velvet beans,151.0,2023-2024
Chikwawa,Velvet beans,0.0,2023-2024
Chiradzulu,Velvet beans,935.0,2023-2024
Chitipa,Velvet beans,0.0,2023-2024
Dedza,Velvet beans,0.0,2023-2024
Dowa,Velvet beans,0.0,2023-2024
Karonga,Velvet beans,0.0,2023-2024
Kasungu,Velvet beans,0.0,2023-2024
Likoma,Velvet beans,0.0,2023-2024
Lilongwe,Velvet beans,0.0,2023-2024
Machinga,Velvet beans,1197.0,2023-2024
Mangochi,Velvet beans,796.0,2023-2024
Mchinji,Velvet beans,0.0,2023-2024
Mulanje,Velvet beans,6914.0,2023-2024
Mzimba,Velvet beans,0.0,2023-2024
Neno,Velvet beans,0.0,2023-2024
Nkhata,Velvet beans,0.0,2023-2024
Nkhotakota,Velvet beans,0.0,2023-2024
Nsanje,Velvet beans,0.0,2023-2024
Ntcheu,Velvet beans,0.0,2023-2024
Ntchisi,Velvet beans,0.0,2023-2024
Phalombe,Velvet beans,4889.0,2023-2024
Rumphi,Velvet beans,0.0,2023-2024
Salima,Velvet beans,0.0,2023-2024
Thyolo,Velvet beans,2516.0,2023-2024
Zomba,Velvet beans,478.0,2023-2024
mwanza,Velvet beans,31.0,2023-2024
Balaka,Chick peas,0.0,2023-2024
Blantyre,Chick peas,0.0,2023-2024
Chikwawa,Chick peas,0.0,2023-2024
Chiradzulu,Chick peas,0.0,2023-2024
Chitipa,Chick peas,0.0,2023-2024
Dedza,Chick peas,0.0,2023-2024
Dowa,Chick peas,0.0,2023-2024
Karonga,Chick peas,0.0,2023-2024
Kasungu,Chick peas,0.0,2023-2024
Likoma,Chick peas,0.0,2023-2024
Lilongwe,Chick peas,0.0,2023-2024
Machinga,Chick peas,0.0,2023-2024
Mangochi,Chick peas,0.0,2023-2024
Mchinji,Chick peas,0.0,2023-2024
Mulanje,Chick peas,847.0,2023-2024
Mzimba,Chick peas,0.0,2023-2024
Neno,Chick peas,0.0,2023-2024
Nkhata,Chick peas,0.0,2023-2024
Nkhotakota,Chick peas,0.0,2023-2024
Nsanje,Chick peas,0.0,2023-2024
Ntcheu,Chick peas,0.0,2023-2024
Ntchisi,Chick peas,0.0,2023-2024
Phalombe,Chick peas,703.0,2023-2024
Rumphi,Chick peas,0.0,2023-2024
Salima,Chick peas,0.0,2023-2024
Thyolo,Chick peas,0.0,2023-2024
Zomba,Chick peas,0.0,2023-2024
mwanza,Chick peas,0.0,2023-2024
Balaka,Wheat,0.0,2023-2024
Blantyre,Wheat,0.0,2023-2024
Chikwawa,Wheat,0.0,2023-2024
Chiradzulu,Wheat,0.0,2023-2024
Chitipa,Wheat,0.0,2023-2024
Dedza,Wheat,0.0,2023-2024
Dowa,Wheat,135.0,2023-2024
Karonga,Wheat,0.0,2023-2024
Kasungu,Wheat,0.0,2023-2024
Likoma,Wheat,0.0,2023-2024
Lilongwe,Wheat,0.0,2023-2024
Machinga,Wheat,0.0,2023-2024
Mangochi,Wheat,0.0,2023-2024
Mchinji,Wheat,0.0,2023-2024
Mulanje,Wheat,0.0,2023-2024
Mzimba,Wheat,0.0,2023-2024
Neno,Wheat,85.0,2023-2024
Nkhata,Wheat,0.0,2023-2024
Nkhotakota,Wheat,0.0,2023-2024
Nsanje,Wheat,0.0,2023-2024
Ntcheu,Wheat,127.0,2023-2024
Ntchisi,Wheat,15.0,2023-2024
Phalombe,Wheat,0.0,2023-2024
Rumphi,Wheat,0.0,2023-2024
Salima,Wheat,0.0,2023-2024
Thyolo,Wheat,0.0,2023-2024
Zomba,Wheat,0.0,2023-2024
mwanza,Wheat,0.0,2023-2024
Balaka,Millet,148.0,2023-2024
Blantyre,Millet,296.0,2023-2024
Chikwawa,Millet,10066.0,2023-2024
Chiradzulu,Millet,690.0,2023-2024
Chitipa,Millet,3032.0,2023-2024
Dedza,Millet,1516.0,2023-2024
Dowa,Millet,11.0,2023-2024
Karonga,Millet,326.0,2023-2024
Kasungu,Millet,725.0,2023-2024
Likoma,Millet,0.0,2023-2024
Lilongwe,Millet,0.0,2023-2024
Machinga,Millet,443.0,2023-2024
Mangochi,Millet,586.0,2023-2024
Mchinji,Millet,0.0,2023-2024
Mulanje,Millet,6.0,2023-2024
Mzimba,Millet,4791.501,2023-2024
Neno,Millet,298.0,2023-2024
Nkhata,Millet,617.0,2023-2024
Nkhotakota,Millet,20.0,2023-2024
Nsanje,Millet,5231.0,2023-2024
Ntcheu,Millet,8484.0,2023-2024
Ntchisi,Millet,0.0,2023-2024
Phalombe,Millet,117.0,2023-2024
Rumphi,Millet,215.0,2023-2024
Salima,Millet,0.0,2023-2024
Thyolo,Millet,30.0,2023-2024
Zomba,Millet,92.0,2023-2024
mwanza,Millet,188.0,2023-2024
Balaka,Sorghum ,2334.0,2023-2024
Blantyre,Sorghum ,6314.0,2023-2024
Chikwawa,Sorghum ,17655.0,2023-2024
Chiradzulu,Sorghum ,10377.0,2023-2024
Chitipa,Sorghum ,32.0,2023-2024
Dedza,Sorghum ,2404.0,2023-2024
Dowa,Sorghum ,10.0,2023-2024
Karonga,Sorghum ,53.0,2023-2024
Kasungu,Sorghum ,205.0,2023-2024
Likoma,Sorghum ,0.0,2023-2024
Lilongwe,Sorghum ,0.0,2023-2024
Machinga,Sorghum ,7381.0,2023-2024
Mangochi,Sorghum ,2950.0,2023-2024
Mchinji,Sorghum ,0.0,2023-2024
Mulanje,Sorghum ,15179.0,2023-2024
Mzimba,Sorghum ,4.0,2023-2024
Neno,Sorghum ,1035.0,2023-2024
Nkhata,Sorghum ,0.0,2023-2024
Nkhotakota,Sorghum ,8.0,2023-2024
Nsanje,Sorghum ,4414.0,2023-2024
Ntcheu,Sorghum ,1014.0,2023-2024
Ntchisi,Sorghum ,0.0,2023-2024
Phalombe,Sorghum ,17117.0,2023-2024
Rumphi,Sorghum ,0.0,2023-2024
Salima,Sorghum ,200.0,2023-2024
Thyolo,Sorghum ,4128.0,2023-2024
Zomba,Sorghum ,8972.0,2023-2024
mwanza,Sorghum ,409.0,2023-2024
Balaka,Groundnuts,1813.0,2023-2024
Blantyre,Groundnuts,5309.0,2023-2024
Chikwawa,Groundnuts,799.0,2023-2024
Chiradzulu,Groundnuts,2352.0,2023-2024
Chitipa,Groundnuts,22043.0,2023-2024
Dedza,Groundnuts,30857.0,2023-2024
Dowa,Groundnuts,45343.0,2023-2024
Karonga,Groundnuts,6718.0,2023-2024
Kasungu,Groundnuts,30886.0,2023-2024
Likoma,Groundnuts,1.3,2023-2024
Lilongwe,Groundnuts,83349.0,2023-2024
Machinga,Groundnuts,7531.0,2023-2024
Mangochi,Groundnuts,16586.7,2023-2024
Mchinji,Groundnuts,51465.0,2023-2024
Mulanje,Groundnuts,4113.0,2023-2024
Mzimba,Groundnuts,24563.943,2023-2024
Neno,Groundnuts,1034.0,2023-2024
Nkhata,Groundnuts,2009.23,2023-2024
Nkhotakota,Groundnuts,8873.0,2023-2024
Nsanje,Groundnuts,4751.0,2023-2024
Ntcheu,Groundnuts,16237.0,2023-2024
Ntchisi,Groundnuts,30199.0,2023-2024
Phalombe,Groundnuts,6190.0,2023-2024
Rumphi,Groundnuts,8396.3,2023-2024
Salima,Groundnuts,11602.0,2023-2024
Thyolo,Groundnuts,4141.0,2023-2024
Zomba,Groundnuts,9002.0,2023-2024
mwanza,Groundnuts,3803.0,2023-2024
Balaka,Cassava,0.0,2023-2024
Blantyre,Cassava,85389.0,2023-2024
Chikwawa,Cassava,16621.0,2023-2024
Chiradzulu,Cassava,31543.0,2023-2024
Chitipa,Cassava,228592.0,2023-2024
Dedza,Cassava,180163.0,2023-2024
Dowa,Cassava,92790.0,2023-2024
Karonga,Cassava,451783.0,2023-2024
Kasungu,Cassava,597293.0,2023-2024
Likoma,Cassava,2242.0,2023-2024
Lilongwe,Cassava,299163.0,2023-2024
Machinga,Cassava,0.0,2023-2024
Mangochi,Cassava,0.0,2023-2024
Mchinji,Cassava,121918.0,2023-2024
Mulanje,Cassava,389604.0,2023-2024
Mzimba,Cassava,428043.294,2023-2024
Neno,Cassava,38709.0,2023-2024
Nkhata,Cassava,805166.0,2023-2024
Nkhotakota,Cassava,886353.0,2023-2024
Nsanje,Cassava,14295.0,2023-2024
Ntcheu,Cassava,41223.0,2023-2024
Ntchisi,Cassava,53569.0,2023-2024
Phalombe,Cassava,61545.0,2023-2024
Rumphi,Cassava,93696.0,2023-2024
Salima,Cassava,44252.0,2023-2024
Thyolo,Cassava,311599.0,2023-2024
Zomba,Cassava,0.0,2023-2024
mwanza,Cassava,128482.0,2023-2024
Balaka,Sweet potatoes,0.0,2023-2024
Blantyre,Sweet potatoes,185231.0,2023-2024
Chikwawa,Sweet potatoes,156760.0,2023-2024
Chiradzulu,Sweet potatoes,112997.0,2023-2024
Chitipa,Sweet potatoes,224376.0,2023-2024
Dedza,Sweet potatoes,418387.0,2023-2024
Dowa,Sweet potatoes,657130.0,2023-2024
Karonga,Sweet potatoes,89866.0,2023-2024
Kasungu,Sweet potatoes,440753.0,2023-2024
Likoma,Sweet potatoes,350.0,2023-2024
Lilongwe,Sweet potatoes,953323.0,2023-2024
Machinga,Sweet potatoes,0.0,2023-2024
Mangochi,Sweet potatoes,0.0,2023-2024
Mchinji,Sweet potatoes,569772.0,2023-2024
Mulanje,Sweet potatoes,696944.0,2023-2024
Mzimba,Sweet potatoes,254035.294,2023-2024
Neno,Sweet potatoes,77890.0,2023-2024
Nkhata,Sweet potatoes,138143.0,2023-2024
Nkhotakota,Sweet potatoes,62658.0,2023-2024
Nsanje,Sweet potatoes,145733.0,2023-2024
Ntcheu,Sweet potatoes,190996.0,2023-2024
Ntchisi,Sweet potatoes,164505.73,2023-2024
Phalombe,Sweet potatoes,367498.0,2023-2024
Rumphi,Sweet potatoes,72032.0,2023-2024
Salima,Sweet potatoes,83900.0,2023-2024
Thyolo,Sweet potatoes,454039.0,2023-2024
Zomba,Sweet potatoes,0.0,2023-2024
mwanza,Sweet potatoes,142265.0,2023-2024
Balaka,Potatoes,0.0,2023-2024
Blantyre,Potatoes,808.0,2023-2024
Chikwawa,Potatoes,0.0,2023-2024
Chiradzulu,Potatoes,0.0,2023-2024
Chitipa,Potatoes,10788.0,2023-2024
Dedza,Potatoes,268110.0,2023-2024
Dowa,Potatoes,185314.0,2023-2024
Karonga,Potatoes,29581.0,2023-2024
Kasungu,Potatoes,281058.0,2023-2024
Likoma,Potatoes,0.0,2023-2024
Lilongwe,Potatoes,394555.0,2023-2024
Machinga,Potatoes,0.0,2023-2024
Mangochi,Potatoes,0.0,2023-2024
Mchinji,Potatoes,75578.0,2023-2024
Mulanje,Potatoes,606.0,2023-2024
Mzimba,Potatoes,40728.572,2023-2024
Neno,Potatoes,98950.0,2023-2024
Nkhata,Potatoes,4527.0,2023-2024
Nkhotakota,Potatoes,0.0,2023-2024
Nsanje,Potatoes,0.0,2023-2024
Ntcheu,Potatoes,0.0,2023-2024
Ntchisi,Potatoes,124618.0,2023-2024
Phalombe,Potatoes,181.0,2023-2024
Rumphi,Potatoes,9522.0,2023-2024
Salima,Potatoes,0.0,2023-2024
Thyolo,Potatoes,6187.0,2023-2024
Zomba,Potatoes,0.0,2023-2024
mwanza,Potatoes,5415.0,2023-2024
Balaka,Tobacco,16.596,2023-2024
Blantyre,Tobacco,80.626,2023-2024
Chikwawa,Tobacco,0.0,2023-2024
Chiradzulu,Tobacco,196.573,2023-2024
Chitipa,Tobacco,2507.236,2023-2024
Dedza,Tobacco,1386.361,2023-2024
Dowa,Tobacco,11029.205,2023-2024
Karonga,Tobacco,332.535,2023-2024
Kasungu,Tobacco,4889.481000000001,2023-2024
Likoma,Tobacco,0.0,2023-2024
Lilongwe,Tobacco,21763.895999999997,2023-2024
Machinga,Tobacco,608.442,2023-2024
Mangochi,Tobacco,373.621,2023-2024
Mchinji,Tobacco,8878.493,2023-2024
Mulanje,Tobacco,103.036,2023-2024
Mzimba,Tobacco,7401.262,2023-2024
Neno,Tobacco,0.0,2023-2024
Nkhata,Tobacco,395.812,2023-2024
Nkhotakota,Tobacco,9729.97,2023-2024
Nsanje,Tobacco,0.0,2023-2024
Ntcheu,Tobacco,4616.55,2023-2024
Ntchisi,Tobacco,4071.3495,2023-2024
Phalombe,Tobacco,1151.4189999999999,2023-2024
Rumphi,Tobacco,8580.692,2023-2024
Salima,Tobacco,310.578,2023-2024
Thyolo,Tobacco,0.0,2023-2024
Zomba,Tobacco,1193.094,2023-2024
mwanza,Tobacco,0.0,2023-2024
Balaka,Flue cured,0.0,2023-2024
Blantyre,Flue cured,0.0,2023-2024
Chikwawa,Flue cured,0.0,2023-2024
Chiradzulu,Flue cured,0.0,2023-2024
Chitipa,Flue cured,4288.0,2023-2024
Dedza,Flue cured,58.362,2023-2024
Dowa,Flue cured,1014.929,2023-2024
Karonga,Flue cured,0.0,2023-2024
Kasungu,Flue cured,3328.406,2023-2024
Likoma,Flue cured,0.0,2023-2024
Lilongwe,Flue cured,150.321,2023-2024
Machinga,Flue cured,461.239,2023-2024
Mangochi,Flue cured,881.729,2023-2024
Mchinji,Flue cured,2535.209,2023-2024
Mulanje,Flue cured,0.0,2023-2024
Mzimba,Flue cured,2377.782,2023-2024
Neno,Flue cured,0.0,2023-2024
Nkhata,Flue cured,70.7,2023-2024
Nkhotakota,Flue cured,0.0,2023-2024
Nsanje,Flue cured,0.0,2023-2024
Ntcheu,Flue cured,0.0,2023-2024
Ntchisi,Flue cured,816.82,2023-2024
Phalombe,Flue cured,0.0,2023-2024
Rumphi,Flue cured,56.856,2023-2024
Salima,Flue cured,0.0,2023-2024
Thyolo,Flue cured,0.0,2023-2024
Zomba,Flue cured,1521.6,2023-2024
mwanza,Flue cured,0.0,2023-2024
Balaka,Sunflower ,0.0,2023-2024
Blantyre,Sunflower ,3.0,2023-2024
Chikwawa,Sunflower ,0.0,2023-2024
Chiradzulu,Sunflower ,9.0,2023-2024
Chitipa,Sunflower ,2103.0,2023-2024
Dedza,Sunflower ,0.0,2023-2024
Dowa,Sunflower ,22.0,2023-2024
Karonga,Sunflower ,2.0,2023-2024
Kasungu,Sunflower ,584.0,2023-2024
Likoma,Sunflower ,0.0,2023-2024
Lilongwe,Sunflower ,92.0,2023-2024
Machinga,Sunflower ,0.0,2023-2024
Mangochi,Sunflower ,0.0,2023-2024
Mchinji,Sunflower ,1781.0,2023-2024
Mulanje,Sunflower ,4932.0,2023-2024
Mzimba,Sunflower ,1553.271,2023-2024
Neno,Sunflower ,0.0,2023-2024
Nkhata,Sunflower ,0.0,2023-2024
Nkhotakota,Sunflower ,0.0,2023-2024
Nsanje,Sunflower ,0.0,2023-2024
Ntcheu,Sunflower ,0.0,2023-2024
Ntchisi,Sunflower ,0.0,2023-2024
Phalombe,Sunflower ,4944.0,2023-2024
Rumphi,Sunflower ,3.0,2023-2024
Salima,Sunflower ,22.0,2023-2024
Thyolo,Sunflower ,23.0,2023-2024
Zomba,Sunflower ,0.0,2023-2024
mwanza,Sunflower ,0.0,2023-2024
Balaka,Chillies,0.0,2023-2024
Blantyre,Chillies,14.0,2023-2024
Chikwawa,Chillies,0.0,2023-2024
Chiradzulu,Chillies,60.0,2023-2024
Chitipa,Chillies,0.0,2023-2024
Dedza,Chillies,0.0,2023-2024
Dowa,Chillies,20.0,2023-2024
Karonga,Chillies,117.0,2023-2024
Kasungu,Chillies,0.0,2023-2024
Likoma,Chillies,0.0,2023-2024
Lilongwe,Chillies,0.0,2023-2024
Machinga,Chillies,0.0,2023-2024
Mangochi,Chillies,0.0,2023-2024
Mchinji,Chillies,0.0,2023-2024
Mulanje,Chillies,710.0,2023-2024
Mzimba,Chillies,25.978,2023-2024
Neno,Chillies,0.0,2023-2024
Nkhata,Chillies,28.058,2023-2024
Nkhotakota,Chillies,36.0,2023-2024
Nsanje,Chillies,0.0,2023-2024
Ntcheu,Chillies,0.0,2023-2024
Ntchisi,Chillies,0.0,2023-2024
Phalombe,Chillies,81.0,2023-2024
Rumphi,Chillies,143.389,2023-2024
Salima,Chillies,20.0,2023-2024
Thyolo,Chillies,0.0,2023-2024
Zomba,Chillies,0.0,2023-2024
mwanza,Chillies,0.0,2023-2024
Balaka,Cotton ,781.0,2023-2024
Blantyre,Cotton ,38.0,2023-2024
Chikwawa,Cotton ,799.0,2023-2024
Chiradzulu,Cotton ,0.0,2023-2024
Chitipa,Cotton ,0.0,2023-2024
Dedza,Cotton ,285.0,2023-2024
Dowa,Cotton ,15.0,2023-2024
Karonga,Cotton ,8.0,2023-2024
Kasungu,Cotton ,0.0,2023-2024
Likoma,Cotton ,0.0,2023-2024
Lilongwe,Cotton ,0.0,2023-2024
Machinga,Cotton ,114.0,2023-2024
Mangochi,Cotton ,185.0,2023-2024
Mchinji,Cotton ,0.0,2023-2024
Mulanje,Cotton ,57.0,2023-2024
Mzimba,Cotton ,0.0,2023-2024
Neno,Cotton ,486.0,2023-2024
Nkhata,Cotton ,0.0,2023-2024
Nkhotakota,Cotton ,23.0,2023-2024
Nsanje,Cotton ,4751.0,2023-2024
Ntcheu,Cotton ,251.0,2023-2024
Ntchisi,Cotton ,0.0,2023-2024
Phalombe,Cotton ,0.0,2023-2024
Rumphi,Cotton ,0.0,2023-2024
Salima,Cotton ,1085.0,2023-2024
Thyolo,Cotton ,0.0,2023-2024
Zomba,Cotton ,7.0,2023-2024
mwanza,Cotton ,35.0,2023-2024
Balaka,Bananas,9451.0,2023-2024
Blantyre,Bananas,5207.0,2023-2024
Chikwawa,Bananas,1388.0,2023-2024
Chiradzulu,Bananas,1314.0,2023-2024
Chitipa,Bananas,116310.0,2023-2024
Dedza,Bananas,0.0,2023-2024
Dowa,Bananas,75034.0,2023-2024
Karonga,Bananas,44870.0,2023-2024
Kasungu,Bananas,225545.0,2023-2024
Likoma,Bananas,173.0,2023-2024
Lilongwe,Bananas,0.0,2023-2024
Machinga,Bananas,42922.0,2023-2024
Mangochi,Bananas,55756.0,2023-2024
Mchinji,Bananas,96428.0,2023-2024
Mulanje,Bananas,66545.0,2023-2024
Mzimba,Bananas,87589.0,2023-2024
Neno,Bananas,385.0,2023-2024
Nkhata,Bananas,46942.0,2023-2024
Nkhotakota,Bananas,2087.0,2023-2024
Nsanje,Bananas,6326.0,2023-2024
Ntcheu,Bananas,0.0,2023-2024
Ntchisi,Bananas,37529.408,2023-2024
Phalombe,Bananas,6012.0,2023-2024
Rumphi,Bananas,38746.0,2023-2024
Salima,Bananas,1116.0,2023-2024
Thyolo,Bananas,69433.0,2023-2024
Zomba,Bananas,10982.0,2023-2024
mwanza,Bananas,542.0,2023-2024
Balaka,Mangoes,90257.0,2023-2024
Blantyre,Mangoes,54711.0,2023-2024
Chikwawa,Mangoes,103852.0,2023-2024
Chiradzulu,Mangoes,51334.0,2023-2024
Chitipa,Mangoes,11200.0,2023-2024
Dedza,Mangoes,0.0,2023-2024
Dowa,Mangoes,51590.0,2023-2024
Karonga,Mangoes,43638.0,2023-2024
Kasungu,Mangoes,67360.0,2023-2024
Likoma,Mangoes,1536.0,2023-2024
Lilongwe,Mangoes,0.0,2023-2024
Machinga,Mangoes,32859.0,2023-2024
Mangochi,Mangoes,150330.0,2023-2024
Mchinji,Mangoes,48530.0,2023-2024
Mulanje,Mangoes,42741.0,2023-2024
Mzimba,Mangoes,52711.0,2023-2024
Neno,Mangoes,4464.0,2023-2024
Nkhata,Mangoes,50997.0,2023-2024
Nkhotakota,Mangoes,23287.0,2023-2024
Nsanje,Mangoes,14822.0,2023-2024
Ntcheu,Mangoes,0.0,2023-2024
Ntchisi,Mangoes,13271.118,2023-2024
Phalombe,Mangoes,68198.0,2023-2024
Rumphi,Mangoes,29432.0,2023-2024
Salima,Mangoes,108020.0,2023-2024
Thyolo,Mangoes,48514.0,2023-2024
Zomba,Mangoes,43764.0,2023-2024
mwanza,Mangoes,19050.0,2023-2024
Balaka,Oranges,420.0,2023-2024
Blantyre,Oranges,384.0,2023-2024
Chikwawa,Oranges,1081.0,2023-2024
Chiradzulu,Oranges,257.0,2023-2024
Chitipa,Oranges,1444.0,2023-2024
Dedza,Oranges,0.0,2023-2024
Dowa,Oranges,5557.0,2023-2024
Karonga,Oranges,2244.0,2023-2024
Kasungu,Oranges,30145.0,2023-2024
Likoma,Oranges,21.0,2023-2024
Lilongwe,Oranges,0.0,2023-2024
Machinga,Oranges,506.0,2023-2024
Mangochi,Oranges,1198.0,2023-2024
Mchinji,Oranges,2331.0,2023-2024
Mulanje,Oranges,5887.0,2023-2024
Mzimba,Oranges,6449.0,2023-2024
Neno,Oranges,1800.0,2023-2024
Nkhata,Oranges,6147.0,2023-2024
Nkhotakota,Oranges,1165.0,2023-2024
Nsanje,Oranges,1187.0,2023-2024
Ntcheu,Oranges,0.0,2023-2024
Ntchisi,Oranges,376.547,2023-2024
Phalombe,Oranges,154.0,2023-2024
Rumphi,Oranges,516.0,2023-2024
Salima,Oranges,287.0,2023-2024
Thyolo,Oranges,6023.0,2023-2024
Zomba,Oranges,269.0,2023-2024
mwanza,Oranges,5710.0,2023-2024
Balaka,Tangerines,0.0,2023-2024
Blantyre,Tangerines,608.0,2023-2024
Chikwawa,Tangerines,13539.0,2023-2024
Chiradzulu,Tangerines,248.0,2023-2024
Chitipa,Tangerines,168.0,2023-2024
Dedza,Tangerines,0.0,2023-2024
Dowa,Tangerines,2552.0,2023-2024
Karonga,Tangerines,3202.2,2023-2024
Kasungu,Tangerines,1179.0,2023-2024
Likoma,Tangerines,4.3,2023-2024
Lilongwe,Tangerines,0.0,2023-2024
Machinga,Tangerines,0.0,2023-2024
Mangochi,Tangerines,0.0,2023-2024
Mchinji,Tangerines,478.0,2023-2024
Mulanje,Tangerines,2245.0,2023-2024
Mzimba,Tangerines,1278.0,2023-2024
Neno,Tangerines,5498.0,2023-2024
Nkhata,Tangerines,5702.0,2023-2024
Nkhotakota,Tangerines,585.0,2023-2024
Nsanje,Tangerines,530.0,2023-2024
Ntcheu,Tangerines,0.0,2023-2024
Ntchisi,Tangerines,337.135,2023-2024
Phalombe,Tangerines,75.0,2023-2024
Rumphi,Tangerines,337.0,2023-2024
Salima,Tangerines,0.0,2023-2024
Thyolo,Tangerines,2195.0,2023-2024
Zomba,Tangerines,0.0,2023-2024
mwanza,Tangerines,210772.0,2023-2024
Balaka,Coffee,0.0,2023-2024
Blantyre,Coffee,0.0,2023-2024
Chikwawa,Coffee,0.0,2023-2024
Chiradzulu,Coffee,0.0,2023-2024
Chitipa,Coffee,7923.0,2023-2024
Dedza,Coffee,0.0,2023-2024
Dowa,Coffee,0.0,2023-2024
Karonga,Coffee,0.0,2023-2024
Kasungu,Coffee,0.0,2023-2024
Likoma,Coffee,0.0,2023-2024
Lilongwe,Coffee,0.0,2023-2024
Machinga,Coffee,0.0,2023-2024
Mangochi,Coffee,0.0,2023-2024
Mchinji,Coffee,0.0,2023-2024
Mulanje,Coffee,0.0,2023-2024
Mzimba,Coffee,159.0,2023-2024
Neno,Coffee,0.0,2023-2024
Nkhata,Coffee,146.9,2023-2024
Nkhotakota,Coffee,0.0,2023-2024
Nsanje,Coffee,0.0,2023-2024
Ntcheu,Coffee,0.0,2023-2024
Ntchisi,Coffee,7179.0,2023-2024
Phalombe,Coffee,0.0,2023-2024
Rumphi,Coffee,3359.202,2023-2024
Salima,Coffee,0.0,2023-2024
Thyolo,Coffee,0.0,2023-2024
Zomba,Coffee,0.0,2023-2024
mwanza,Coffee,0.0,2023-2024
Balaka,Pineapples,0.0,2023-2024
Blantyre,Pineapples,0.0,2023-2024
Chikwawa,Pineapples,0.0,2023-2024
Chiradzulu,Pineapples,0.0,2023-2024
Chitipa,Pineapples,0.0,2023-2024
Dedza,Pineapples,0.0,2023-2024
Dowa,Pineapples,0.0,2023-2024
Karonga,Pineapples,48.0,2023-2024
Kasungu,Pineapples,0.0,2023-2024
Likoma,Pineapples,2.6,2023-2024
Lilongwe,Pineapples,0.0,2023-2024
Machinga,Pineapples,0.0,2023-2024
Mangochi,Pineapples,0.0,2023-2024
Mchinji,Pineapples,0.0,2023-2024
Mulanje,Pineapples,179450.0,2023-2024
Mzimba,Pineapples,582.0,2023-2024
Neno,Pineapples,0.0,2023-2024
Nkhata,Pineapples,4948.0,2023-2024
Nkhotakota,Pineapples,2748.0,2023-2024
Nsanje,Pineapples,313.0,2023-2024
Ntcheu,Pineapples,0.0,2023-2024
Ntchisi,Pineapples,0.0,2023-2024
Phalombe,Pineapples,0.0,2023-2024
Rumphi,Pineapples,3407.0,2023-2024
Salima,Pineapples,0.0,2023-2024
Thyolo,Pineapples,622.0,2023-2024
Zomba,Pineapples,0.0,2023-2024
mwanza,Pineapples,103.0,2023-2024
Balaka,Guava,0.0,2023-2024
Blantyre,Guava,2566.0,2023-2024
Chikwawa,Guava,825.0,2023-2024
Chiradzulu,Guava,4768.0,2023-2024
Chitipa,Guava,1337.0,2023-2024
Dedza,Guava,0.0,2023-2024
Dowa,Guava,41179.0,2023-2024
Karonga,Guava,1138.0,2023-2024
Kasungu,Guava,10629.0,2023-2024
Likoma,Guava,59.0,2023-2024
Lilongwe,Guava,0.0,2023-2024
Machinga,Guava,0.0,2023-2024
Mangochi,Guava,0.0,2023-2024
Mchinji,Guava,32379.0,2023-2024
Mulanje,Guava,2945.0,2023-2024
Mzimba,Guava,7461.0,2023-2024
Neno,Guava,332.0,2023-2024
Nkhata,Guava,2744.0,2023-2024
Nkhotakota,Guava,827.0,2023-2024
Nsanje,Guava,1218.0,2023-2024
Ntcheu,Guava,0.0,2023-2024
Ntchisi,Guava,3472.0,2023-2024
Phalombe,Guava,1538.0,2023-2024
Rumphi,Guava,1814.0,2023-2024
Salima,Guava,1004.0,2023-2024
Thyolo,Guava,5314.0,2023-2024
Zomba,Guava,0.0,2023-2024
mwanza,Guava,1558.0,2023-2024
Balaka,Pawpaws,3080.0,2023-2024
Blantyre,Pawpaws,3447.0,2023-2024
Chikwawa,Pawpaws,205.0,2023-2024
Chiradzulu,Pawpaws,4855.0,2023-2024
Chitipa,Pawpaws,1268.0,2023-2024
Dedza,Pawpaws,0.0,2023-2024
Dowa,Pawpaws,2117.0,2023-2024
Karonga,Pawpaws,2192.0,2023-2024
Kasungu,Pawpaws,2300.0,2023-2024
Likoma,Pawpaws,35.0,2023-2024
Lilongwe,Pawpaws,0.0,2023-2024
Machinga,Pawpaws,1391.0,2023-2024
Mangochi,Pawpaws,3720.0,2023-2024
Mchinji,Pawpaws,4228.0,2023-2024
Mulanje,Pawpaws,11452.0,2023-2024
Mzimba,Pawpaws,2728.989,2023-2024
Neno,Pawpaws,1210.0,2023-2024
Nkhata,Pawpaws,4652.0,2023-2024
Nkhotakota,Pawpaws,1555.0,2023-2024
Nsanje,Pawpaws,1013.0,2023-2024
Ntcheu,Pawpaws,0.0,2023-2024
Ntchisi,Pawpaws,209.2525,2023-2024
Phalombe,Pawpaws,1842.0,2023-2024
Rumphi,Pawpaws,1211.0,2023-2024
Salima,Pawpaws,1173.0,2023-2024
Thyolo,Pawpaws,8492.0,2023-2024
Zomba,Pawpaws,1136.0,2023-2024
mwanza,Pawpaws,2888.0,2023-2024
Balaka,Peaches,0.0,2023-2024
Blantyre,Peaches,241.0,2023-2024
Chikwawa,Peaches,0.0,2023-2024
Chiradzulu,Peaches,674.0,2023-2024
Chitipa,Peaches,0.0,2023-2024
Dedza,Peaches,0.0,2023-2024
Dowa,Peaches,0.0,2023-2024
Karonga,Peaches,0.0,2023-2024
Kasungu,Peaches,0.0,2023-2024
Likoma,Peaches,0.0,2023-2024
Lilongwe,Peaches,0.0,2023-2024
Machinga,Peaches,0.0,2023-2024
Mangochi,Peaches,0.0,2023-2024
Mchinji,Peaches,0.0,2023-2024
Mulanje,Peaches,2012.0,2023-2024
Mzimba,Peaches,0.0,2023-2024
Neno,Peaches,0.0,2023-2024
Nkhata,Peaches,0.0,2023-2024
Nkhotakota,Peaches,0.0,2023-2024
Nsanje,Peaches,0.0,2023-2024
Ntcheu,Peaches,0.0,2023-2024
Ntchisi,Peaches,0.0,2023-2024
Phalombe,Peaches,12.0,2023-2024
Rumphi,Peaches,0.0,2023-2024
Salima,Peaches,0.0,2023-2024
Thyolo,Peaches,4179.0,2023-2024
Zomba,Peaches,0.0,2023-2024
mwanza,Peaches,39.0,2023-2024
Balaka,Lemons,0.0,2023-2024
Blantyre,Lemons,357.0,2023-2024
Chikwawa,Lemons,1498.0,2023-2024
Chiradzulu,Lemons,288.0,2023-2024
Chitipa,Lemons,275.0,2023-2024
Dedza,Lemons,0.0,2023-2024
Dowa,Lemons,0.0,2023-2024
Karonga,Lemons,0.0,2023-2024
Kasungu,Lemons,0.0,2023-2024
Likoma,Lemons,0.0,2023-2024
Lilongwe,Lemons,0.0,2023-2024
Machinga,Lemons,0.0,2023-2024
Mangochi,Lemons,0.0,2023-2024
Mchinji,Lemons,0.0,2023-2024
Mulanje,Lemons,6411.0,2023-2024
Mzimba,Lemons,0.0,2023-2024
Neno,Lemons,261.0,2023-2024
Nkhata,Lemons,0.0,2023-2024
Nkhotakota,Lemons,0.0,2023-2024
Nsanje,Lemons,1620.0,2023-2024
Ntcheu,Lemons,0.0,2023-2024
Ntchisi,Lemons,0.0,2023-2024
Phalombe,Lemons,208.0,2023-2024
Rumphi,Lemons,0.0,2023-2024
Salima,Lemons,0.0,2023-2024
Thyolo,Lemons,4870.0,2023-2024
Zomba,Lemons,0.0,2023-2024
mwanza,Lemons,2017.0,2023-2024
Balaka,Grape fruits,0.0,2023-2024
Blantyre,Grape fruits,0.0,2023-2024
Chikwawa,Grape fruits,0.0,2023-2024
Chiradzulu,Grape fruits,0.0,2023-2024
Chitipa,Grape fruits,0.0,2023-2024
Dedza,Grape fruits,0.0,2023-2024
Dowa,Grape fruits,0.0,2023-2024
Karonga,Grape fruits,0.0,2023-2024
Kasungu,Grape fruits,0.0,2023-2024
Likoma,Grape fruits,0.0,2023-2024
Lilongwe,Grape fruits,0.0,2023-2024
Machinga,Grape fruits,0.0,2023-2024
Mangochi,Grape fruits,0.0,2023-2024
Mchinji,Grape fruits,0.0,2023-2024
Mulanje,Grape fruits,0.0,2023-2024
Mzimba,Grape fruits,30.0,2023-2024
Neno,Grape fruits,0.0,2023-2024
Nkhata,Grape fruits,209.0,2023-2024
Nkhotakota,Grape fruits,0.0,2023-2024
Nsanje,Grape fruits,0.0,2023-2024
Ntcheu,Grape fruits,0.0,2023-2024
Ntchisi,Grape fruits,0.0,2023-2024
Phalombe,Grape fruits,0.0,2023-2024
Rumphi,Grape fruits,0.0,2023-2024
Salima,Grape fruits,0.0,2023-2024
Thyolo,Grape fruits,0.0,2023-2024
Zomba,Grape fruits,0.0,2023-2024
mwanza,Grape fruits,0.0,2023-2024
Balaka,Apples,0.0,2023-2024
Blantyre,Apples,668.0,2023-2024
Chikwawa,Apples,0.0,2023-2024
Chiradzulu,Apples,1384.0,2023-2024
Chitipa,Apples,37.0,2023-2024
Dedza,Apples,0.0,2023-2024
Dowa,Apples,0.0,2023-2024
Karonga,Apples,365.0,2023-2024
Kasungu,Apples,0.0,2023-2024
Likoma,Apples,0.0,2023-2024
Lilongwe,Apples,0.0,2023-2024
Machinga,Apples,0.0,2023-2024
Mangochi,Apples,0.0,2023-2024
Mchinji,Apples,0.0,2023-2024
Mulanje,Apples,4140.0,2023-2024
Mzimba,Apples,46.0,2023-2024
Neno,Apples,278.0,2023-2024
Nkhata,Apples,69.3,2023-2024
Nkhotakota,Apples,0.0,2023-2024
Nsanje,Apples,0.0,2023-2024
Ntcheu,Apples,0.0,2023-2024
Ntchisi,Apples,0.0,2023-2024
Phalombe,Apples,722.0,2023-2024
Rumphi,Apples,610.0,2023-2024
Salima,Apples,0.0,2023-2024
Thyolo,Apples,13090.0,2023-2024
Zomba,Apples,0.0,2023-2024
mwanza,Apples,1337.0,2023-2024
Balaka,Avocado pear,52.0,2023-2024
Blantyre,Avocado pear,15048.0,2023-2024
Chikwawa,Avocado pear,0.0,2023-2024
Chiradzulu,Avocado pear,7902.0,2023-2024
Chitipa,Avocado pear,2071.0,2023-2024
Dedza,Avocado pear,0.0,2023-2024
Dowa,Avocado pear,0.0,2023-2024
Karonga,Avocado pear,0.0,2023-2024
Kasungu,Avocado pear,0.0,2023-2024
Likoma,Avocado pear,0.0,2023-2024
Lilongwe,Avocado pear,0.0,2023-2024
Machinga,Avocado pear,1579.0,2023-2024
Mangochi,Avocado pear,1401.0,2023-2024
Mchinji,Avocado pear,0.0,2023-2024
Mulanje,Avocado pear,25643.0,2023-2024
Mzimba,Avocado pear,2215.327,2023-2024
Neno,Avocado pear,1484.0,2023-2024
Nkhata,Avocado pear,6336.751,2023-2024
Nkhotakota,Avocado pear,825.0,2023-2024
Nsanje,Avocado pear,4751.0,2023-2024
Ntcheu,Avocado pear,0.0,2023-2024
Ntchisi,Avocado pear,0.0,2023-2024
Phalombe,Avocado pear,153.0,2023-2024
Rumphi,Avocado pear,649.0,2023-2024
Salima,Avocado pear,1218.0,2023-2024
Thyolo,Avocado pear,26971.0,2023-2024
Zomba,Avocado pear,4420.0,2023-2024
mwanza,Avocado pear,5615.0,2023-2024
Balaka,Macademia,0.0,2023-2024
Blantyre,Macademia,0.0,2023-2024
Chikwawa,Macademia,0.0,2023-2024
Chiradzulu,Macademia,0.0,2023-2024
Chitipa,Macademia,0.0,2023-2024
Dedza,Macademia,0.0,2023-2024
Dowa,Macademia,121.0,2023-2024
Karonga,Macademia,0.0,2023-2024
Kasungu,Macademia,0.0,2023-2024
Likoma,Macademia,0.0,2023-2024
Lilongwe,Macademia,0.0,2023-2024
Machinga,Macademia,0.0,2023-2024
Mangochi,Macademia,4998.0,2023-2024
Mchinji,Macademia,0.0,2023-2024
Mulanje,Macademia,0.0,2023-2024
Mzimba,Macademia,112.0,2023-2024
Neno,Macademia,21.0,2023-2024
Nkhata,Macademia,57.0,2023-2024
Nkhotakota,Macademia,0.0,2023-2024
Nsanje,Macademia,0.0,2023-2024
Ntcheu,Macademia,0.0,2023-2024
Ntchisi,Macademia,1312.0,2023-2024
Phalombe,Macademia,0.0,2023-2024
Rumphi,Macademia,68.0,2023-2024
Salima,Macademia,0.0,2023-2024
Thyolo,Macademia,208.0,2023-2024
Zomba,Macademia,0.0,2023-2024
mwanza,Macademia,19.0,2023-2024
Balaka,Tomatoes,11167.0,2023-2024
Blantyre,Tomatoes,26932.0,2023-2024
Chikwawa,Tomatoes,24572.0,2023-2024
Chiradzulu,Tomatoes,14443.0,2023-2024
Chitipa,Tomatoes,14900.0,2023-2024
Dedza,Tomatoes,0.0,2023-2024
Dowa,Tomatoes,108425.0,2023-2024
Karonga,Tomatoes,10808.0,2023-2024
Kasungu,Tomatoes,17757.0,2023-2024
Likoma,Tomatoes,191.2,2023-2024
Lilongwe,Tomatoes,0.0,2023-2024
Machinga,Tomatoes,6274.0,2023-2024
Mangochi,Tomatoes,13971.0,2023-2024
Mchinji,Tomatoes,67050.0,2023-2024
Mulanje,Tomatoes,72293.0,2023-2024
Mzimba,Tomatoes,34614.794,2023-2024
Neno,Tomatoes,4486.0,2023-2024
Nkhata,Tomatoes,12211.68,2023-2024
Nkhotakota,Tomatoes,3883.0,2023-2024
Nsanje,Tomatoes,8241.0,2023-2024
Ntcheu,Tomatoes,0.0,2023-2024
Ntchisi,Tomatoes,16910.0,2023-2024
Phalombe,Tomatoes,6541.0,2023-2024
Rumphi,Tomatoes,20227.0,2023-2024
Salima,Tomatoes,9454.0,2023-2024
Thyolo,Tomatoes,32981.0,2023-2024
Zomba,Tomatoes,21465.0,2023-2024
mwanza,Tomatoes,6043.0,2023-2024
Balaka,Onions,0.0,2023-2024
Blantyre,Onions,10043.0,2023-2024
Chikwawa,Onions,3150.0,2023-2024
Chiradzulu,Onions,2295.0,2023-2024
Chitipa,Onions,4940.0,2023-2024
Dedza,Onions,0.0,2023-2024
Dowa,Onions,26998.0,2023-2024
Karonga,Onions,0.0,2023-2024
Kasungu,Onions,4615.0,2023-2024
Likoma,Onions,0.0,2023-2024
Lilongwe,Onions,0.0,2023-2024
Machinga,Onions,0.0,2023-2024
Mangochi,Onions,0.0,2023-2024
Mchinji,Onions,135487.0,2023-2024
Mulanje,Onions,8131.0,2023-2024
Mzimba,Onions,11131.0,2023-2024
Neno,Onions,640.0,2023-2024
Nkhata,Onions,1967.0,2023-2024
Nkhotakota,Onions,198.0,2023-2024
Nsanje,Onions,3975.0,2023-2024
Ntcheu,Onions,0.0,2023-2024
Ntchisi,Onions,20313.8,2023-2024
Phalombe,Onions,1921.0,2023-2024
Rumphi,Onions,4931.0,2023-2024
Salima,Onions,160.0,2023-2024
Thyolo,Onions,2871.0,2023-2024
Zomba,Onions,0.0,2023-2024
mwanza,Onions,2165.0,2023-2024
Balaka,Cabbage,3891.0,2023-2024
Blantyre,Cabbage,4221.0,2023-2024
Chikwawa,Cabbage,3667.0,2023-2024
Chiradzulu,Cabbage,2187.0,2023-2024
Chitipa,Cabbage,8726.0,2023-2024
Dedza,Cabbage,0.0,2023-2024
Dowa,Cabbage,53691.0,2023-2024
Karonga,Cabbage,189.0,2023-2024
Kasungu,Cabbage,6157.0,2023-2024
Likoma,Cabbage,0.0,2023-2024
Lilongwe,Cabbage,0.0,2023-2024
Machinga,Cabbage,1601.0,2023-2024
Mangochi,Cabbage,4068.0,2023-2024
Mchinji,Cabbage,35838.0,2023-2024
Mulanje,Cabbage,22364.0,2023-2024
Mzimba,Cabbage,12541.291000000001,2023-2024
Neno,Cabbage,722.0,2023-2024
Nkhata,Cabbage,5957.0,2023-2024
Nkhotakota,Cabbage,191.0,2023-2024
Nsanje,Cabbage,446.0,2023-2024
Ntcheu,Cabbage,0.0,2023-2024
Ntchisi,Cabbage,4942.0,2023-2024
Phalombe,Cabbage,869.0,2023-2024
Rumphi,Cabbage,3244.0,2023-2024
Salima,Cabbage,148.0,2023-2024
Thyolo,Cabbage,31940.0,2023-2024
Zomba,Cabbage,4793.0,2023-2024
mwanza,Cabbage,2389.0,2023-2024
Balaka,Egg plants,0.0,2023-2024
Blantyre,Egg plants,1703.0,2023-2024
Chikwawa,Egg plants,0.0,2023-2024
Chiradzulu,Egg plants,1252.0,2023-2024
Chitipa,Egg plants,0.0,2023-2024
Dedza,Egg plants,0.0,2023-2024
Dowa,Egg plants,0.0,2023-2024
Karonga,Egg plants,0.0,2023-2024
Kasungu,Egg plants,0.0,2023-2024
Likoma,Egg plants,0.0,2023-2024
Lilongwe,Egg plants,0.0,2023-2024
Machinga,Egg plants,0.0,2023-2024
Mangochi,Egg plants,0.0,2023-2024
Mchinji,Egg plants,0.0,2023-2024
Mulanje,Egg plants,20262.0,2023-2024
Mzimba,Egg plants,0.0,2023-2024
Neno,Egg plants,1560.0,2023-2024
Nkhata,Egg plants,0.0,2023-2024
Nkhotakota,Egg plants,48.0,2023-2024
Nsanje,Egg plants,0.0,2023-2024
Ntcheu,Egg plants,0.0,2023-2024
Ntchisi,Egg plants,0.0,2023-2024
Phalombe,Egg plants,1228.0,2023-2024
Rumphi,Egg plants,0.0,2023-2024
Salima,Egg plants,115.0,2023-2024
Thyolo,Egg plants,6314.0,2023-2024
Zomba,Egg plants,0.0,2023-2024
mwanza,Egg plants,1440.0,2023-2024
Balaka,Okra,0.0,2023-2024
Blantyre,Okra,464.0,2023-2024
Chikwawa,Okra,602.0,2023-2024
Chiradzulu,Okra,84.0,2023-2024
Chitipa,Okra,0.0,2023-2024
Dedza,Okra,0.0,2023-2024
Dowa,Okra,0.0,2023-2024
Karonga,Okra,0.0,2023-2024
Kasungu,Okra,0.0,2023-2024
Likoma,Okra,0.0,2023-2024
Lilongwe,Okra,0.0,2023-2024
Machinga,Okra,0.0,2023-2024
Mangochi,Okra,0.0,2023-2024
Mchinji,Okra,0.0,2023-2024
Mulanje,Okra,757.0,2023-2024
Mzimba,Okra,0.0,2023-2024
Neno,Okra,277.0,2023-2024
Nkhata,Okra,0.0,2023-2024
Nkhotakota,Okra,112.0,2023-2024
Nsanje,Okra,242.0,2023-2024
Ntcheu,Okra,0.0,2023-2024
Ntchisi,Okra,0.0,2023-2024
Phalombe,Okra,31.0,2023-2024
Rumphi,Okra,0.0,2023-2024
Salima,Okra,390.0,2023-2024
Thyolo,Okra,378.0,2023-2024
Zomba,Okra,0.0,2023-2024
mwanza,Okra,354.0,2023-2024
Balaka,Cucumber,0.0,2023-2024
Blantyre,Cucumber,7777.0,2023-2024
Chikwawa,Cucumber,0.0,2023-2024
Chiradzulu,Cucumber,231.0,2023-2024
Chitipa,Cucumber,0.0,2023-2024
Dedza,Cucumber,0.0,2023-2024
Dowa,Cucumber,0.0,2023-2024
Karonga,Cucumber,0.0,2023-2024
Kasungu,Cucumber,0.0,2023-2024
Likoma,Cucumber,0.0,2023-2024
Lilongwe,Cucumber,0.0,2023-2024
Machinga,Cucumber,0.0,2023-2024
Mangochi,Cucumber,0.0,2023-2024
Mchinji,Cucumber,0.0,2023-2024
Mulanje,Cucumber,0.0,2023-2024
Mzimba,Cucumber,0.0,2023-2024
Neno,Cucumber,4861.0,2023-2024
Nkhata,Cucumber,0.0,2023-2024
Nkhotakota,Cucumber,595.0,2023-2024
Nsanje,Cucumber,0.0,2023-2024
Ntcheu,Cucumber,0.0,2023-2024
Ntchisi,Cucumber,0.0,2023-2024
Phalombe,Cucumber,5037.0,2023-2024
Rumphi,Cucumber,0.0,2023-2024
Salima,Cucumber,1699.0,2023-2024
Thyolo,Cucumber,7175.0,2023-2024
Zomba,Cucumber,0.0,2023-2024
mwanza,Cucumber,3686.0,2023-2024
